{
  "results": {
    "inventory{}": {
      "total": {
        "ADPe": 0.060472454875707626,
        "ADPf": 6359.091796875,
        "AP": 2.456813335418701,
        "CTUe": 9921.5869140625,
        "CTUh-c": 2.2521827247601323e-7,
        "CTUh-nc": 0.000014003431715536863,
        "Epf": 0.2352980226278305,
        "Epm": 0.4789005517959595,
        "Ept": 4.631473541259766,
        "GWP": 392.6966857910156,
        "GWPb": 0.7222102284431458,
        "GWPf": 391.77435302734375,
        "GWPlu": 0.12291718274354935,
        "IR": 573.2235717773438,
        "LU": 362.958251953125,
        "ODP": 0.00005985654570395127,
        "PM": 0.000016092713849502616,
        "POCP": 1.4493892192840576,
        "WU": 104.37345123291016,
        "MIPS": 1710.711181640625,
        "TPE": 6613.7734375
      },
      "per_lc_step": {
        "BLD": {
          "ADPe": 0.06045101653619525,
          "ADPf": 5557.504822936977,
          "AP": 2.155050570594819,
          "CTUe": 8119.921205601997,
          "CTUh-c": 2.0636563738983732e-7,
          "CTUh-nc": 0.000013284190588396346,
          "Epf": 0.23498368771254774,
          "Epm": 0.3363115894008635,
          "Ept": 3.5600711423037223,
          "GWP": 336.6811231440875,
          "GWPb": 0.41835555785833534,
          "GWPf": 336.0669856955102,
          "GWPlu": 0.12268768490098296,
          "IR": 571.5388920901725,
          "LU": 344.3849412367165,
          "ODP": 0.0000587817836494329,
          "PM": 0.000014411409179276982,
          "POCP": 1.1789222209967856,
          "WU": 103.93676580267048,
          "MIPS": 1644.0236205293363,
          "TPE": 5798.689411666632
        },
        "DIS": {
          "ADPe": 0.0000018568112026862379,
          "ADPf": 696.1798775713843,
          "AP": 0.21511458530214084,
          "CTUe": 57.92272935791422,
          "CTUh-c": 1.102437618942344e-9,
          "CTUh-nc": 5.900950506902984e-8,
          "Epf": 0.000016677124305241383,
          "Epm": 0.09198452211346492,
          "Ept": 1.006002870859715,
          "GWP": 48.91046657122955,
          "GWPb": 0,
          "GWPf": 48.91046657122955,
          "GWPlu": 0,
          "IR": 0.8709081385148455,
          "LU": 0,
          "ODP": 3.6816563314056113e-7,
          "PM": 0.0000013165264476576587,
          "POCP": 0.24942395079428453,
          "WU": 0.40095737156096106,
          "MIPS": 24.716765125946022,
          "TPE": 696.2029369364166
        },
        "USE": {
          "ADPe": 0.000001944,
          "ADPf": 4.311,
          "AP": 0.0006255,
          "CTUe": 2.9250000000000003,
          "CTUh-c": 7.686e-11,
          "CTUh-nc": 2.3850000000000003e-9,
          "Epf": 0.00009900000000000001,
          "Epm": 0.0001071,
          "Ept": 0.001116,
          "GWP": 0.0963,
          "GWPb": 0.001305,
          "GWPf": 0.0954,
          "GWPlu": 0.00022950000000000002,
          "IR": 0.2133,
          "LU": 0.927,
          "ODP": 1.8630000000000002e-8,
          "PM": 3.024e-9,
          "POCP": 0.00025560000000000003,
          "WU": 0.03573,
          "MIPS": 0,
          "TPE": 7.155
        },
        "EOL": {
          "ADPe": 0.000017638103994593406,
          "ADPf": 101.09633192118027,
          "AP": 0.0860226805799945,
          "CTUe": 1740.8180863107034,
          "CTUh-c": 1.767334291350002e-8,
          "CTUh-nc": 6.578466664379204e-7,
          "Epf": 0.00019866349145883158,
          "Epm": 0.05049733819920332,
          "Ept": 0.06428343312987723,
          "GWP": 7.008786624450299,
          "GWPb": 0.30254965567235964,
          "GWPf": 6.701491140629152,
          "GWPlu": 0,
          "IR": 0.6004586304541045,
          "LU": 17.6463109051938,
          "ODP": 6.879650710990813e-7,
          "PM": 3.6175361649554896e-7,
          "POCP": 0.020787456074675095,
          "WU": 0,
          "MIPS": 41.97077024269886,
          "TPE": 111.72585582594924
        }
      },
      "normalized_per_lc_step": {
        "BLD": {
          "ADPe": 1.9009753627734354,
          "ADPf": 0.1715279266338573,
          "AP": 0.014862417728240132,
          "CTUe": 0.42736427397905247,
          "CTUh-c": 0.0014846448733081823,
          "CTUh-nc": 0.02240167046947107,
          "Epf": 0.03175455239358753,
          "Epm": 0.011596951358650465,
          "Ept": 0.004013608954119191,
          "GWP": 0.34180824684678934,
          "IR": 0.007500510394884153,
          "LU": 0.1871657289329981,
          "ODP": 0.0007536126108901654,
          "PM": 0.19292381766100378,
          "POCP": 0.020049697635999755,
          "WU": 0.00395196828147036
        },
        "DIS": {
          "ADPe": 0.000058390289392648986,
          "ADPf": 0.02148703325837606,
          "AP": 0.0014835488641526955,
          "CTUe": 0.003048564703048117,
          "CTUh-c": 0.000007931205891671541,
          "CTUh-nc": 0.00009951012659195589,
          "Epf": 0.000002253665446654241,
          "Epm": 0.0031718800728781004,
          "Ept": 0.001134163326786601,
          "GWP": 0.049655296011400556,
          "IR": 0.000011429240662924482,
          "LU": 0,
          "ODP": 0.000004720072219750784,
          "PM": 0.017624182699567052,
          "POCP": 0.004241903925072866,
          "WU": 0.000015245527435777988
        },
        "USE": {
          "ADPe": 0.0000611320754716981,
          "ADPf": 0.00013305555555555556,
          "AP": 0.000004313793103448275,
          "CTUe": 0.00015394736842105265,
          "CTUh-c": 5.529496402877698e-7,
          "CTUh-nc": 0.000004021922428330523,
          "Epf": 0.00001337837837837838,
          "Epm": 0.000003693103448275862,
          "Ept": 0.000001258173618940248,
          "GWP": 0.00009776649746192893,
          "IR": 0.0000027992125984251965,
          "LU": 0.000503804347826087,
          "ODP": 2.3884615384615385e-7,
          "PM": 0.000040481927710843375,
          "POCP": 0.000004346938775510205,
          "WU": 0.0000013585551330798479
        },
        "EOL": {
          "ADPe": 0.0005546573583205473,
          "ADPf": 0.0031202571580611193,
          "AP": 0.0005932598660689276,
          "CTUe": 0.0916220045426686,
          "CTUh-c": 0.00012714635189568362,
          "CTUh-nc": 0.001109353569035279,
          "Epf": 0.00002684641776470697,
          "Epm": 0.0017412875241104595,
          "Ept": 0.00007247286711372856,
          "GWP": 0.007115519415685583,
          "IR": 0.000007880034520395073,
          "LU": 0.00959038636151837,
          "ODP": 0.000008820065014090786,
          "PM": 0.004842752563528099,
          "POCP": 0.00035352816453529075,
          "WU": 0
        }
      }
    },
    "Try API": {
      "total": {
        "ADPe": 0.06047245545139253,
        "ADPf": 6359.092032429541,
        "AP": 2.456813336476954,
        "CTUe": 9921.587021270614,
        "CTUh-c": 2.252182779222797e-7,
        "CTUh-nc": 0.000014003431759903296,
        "Epf": 0.23529802832831181,
        "Epm": 0.4789005497135317,
        "Ept": 4.631473446293315,
        "GWP": 392.69667633976735,
        "GWPb": 0.7222102135306949,
        "GWPf": 391.7743434073689,
        "GWPlu": 0.12291718490098295,
        "IR": 573.2235588591413,
        "LU": 362.9582521419103,
        "ODP": 0.00005985654435367254,
        "PM": 0.00001609271324343019,
        "POCP": 1.4493892278657452,
        "WU": 104.37345317423144,
        "MIPS": 1710.7111558979811,
        "TPE": 6613.773204428998
      },
      "per_lc_step": {
        "BLD": {
          "ADPe": 0.06045101653619525,
          "ADPf": 5557.504822936977,
          "AP": 2.155050570594819,
          "CTUe": 8119.921205601997,
          "CTUh-c": 2.0636563738983732e-7,
          "CTUh-nc": 0.000013284190588396346,
          "Epf": 0.23498368771254774,
          "Epm": 0.3363115894008635,
          "Ept": 3.5600711423037223,
          "GWP": 336.6811231440875,
          "GWPb": 0.41835555785833534,
          "GWPf": 336.0669856955102,
          "GWPlu": 0.12268768490098296,
          "IR": 571.5388920901725,